x,MonthYear,Colony,Tubelabel_species,Health_Status,Extracted,Raw_ng_ul,Extraction_physical_location,Extraction_notes,Species,Colony_Condition,Clade_C_PCR,C_band_num,C_bp_length,Universal_PCR,Uni_band_num,Uni_bp_length,Bead_Clean_C,C_ng_ul,Bead_Clean_Uni,Universal_ng_ul,Date_Seq_C,C_Merged,Date_Seq_Uni,Uni_Merged,Seq_Notes
4,072024,1_16,072024_PAN_BDT_T1_592_CNAT,CLP,6_27_2025,19.3,UML_PENGUIN_B1,,CNAT,CLP,7_16_2026,1,1000,2026_09_01,,,7_24_2026,11.4,9_18_2026,12.3,7_29_2026,yes,9_22_2026,no,
5,072024,1_23,072024_PAN_BDT_T1_582_CNAT,Healthy,6_27_2025,33.6,UML_PENGUIN_B1,,CNAT,CLP,7_16_2026,1,1000,2026_09_01,,,7_24_2026,16.8,9_18_2026,26.8,7_29_2026,yes,9_22_2026,yes,
1,072024,1_17,072024_PAN_BDT_T1_608_MCAV,Healthy,4_16_2025,6.42,UML_NARWHAL_R9_B2,frags for outplanting,MCAV,Healthy,7_16_2026,2,"1000, 800",,,,07_29_2026,5.3,,,9_22_2026,NA,,,forward C read poor quality unuseable
36,092022,1_23,92022_PAN_BDT_T1_2_CNAT,Healthy,6_4_2025,16.7,UML_PENGUIN_B1,,CNAT,Healthy,7_16_2026,1,800,,,,7_24_2026,11.4,,23.8,7_29_2026,yes,,,
42,092022,2_34,92022_PAN_BDT_T2_55_CNAT,Healthy,6_17_2025,9.56,UML_PENGUIN_B1,,CNAT,Healthy,7_16_2026,1,800,,,,7_24_2026,9.5,,8.9,7_29_2026,,,,very poor quality on reverse read C; unusable 
3,072024,3_77,072024_PAN_BDT_T3_727_PSTR,Healthy,4_16_2025,5.62,UML_NARWHAL_R9_B2,frags for outplanting,PSTR,Healthy,7_16_2026,2,"1500, 1100",,,,07_29_2026,4.6,,30.5,,,,,
6,072024,1_26,072024_PAN_BDT_T1_588_CNAT,Healthy,6_27_2025,21,UML_PENGUIN_B1,,CNAT,CLP,7_16_2026,2,"1200, 1000",,,,,,,17,,,,,
7,072024,1_26,072024_PAN_BDT_T1_590_CNAT,CLP,6_30_2025,58.8,UML_PENGUIN_B1,,CNAT,CLP,7_16_2026,1,1000,,,,07_29_2026,18.2,,27.4,8_27_2026,no,,,
8,072024,1_5,072024_PAN_BDT_T1_598_CNAT,CLP,6_27_2025,33.2,UML_PENGUIN_B1,,CNAT,CLP,7_16_2026,1,1000,,,,07_29_2026,10.6,,18.6,8_27_2026,no,,,
9,072024,1_6,072024_PAN_BDT_T1_601_CNAT,Healthy,5_23_2025,0.794,UML_PENGUIN_B1,,CNAT,CLP,7_16_2026,1,1000,,,,07_29_2026,17.9,,33.2,8_27_2026,no,,,
10,072024,1_6,072024_PAN_BDT_T1_603_CNAT,CLP,5_23_2025,7.58,UML_PENGUIN_B1,,CNAT,CLP,7_16_2026,1,1000,,,,07_29_2026,17.7,,,8_27_2026,no,,,
11,072024,2_33,072024_PAN_BDT_T2_1053_CNAT,Healthy,6_27_2025,40.6,UML_PENGUIN_B1,,CNAT,Healthy,7_16_2026,3,"1500, 1200,  800",,,,,,,,,,,,
12,072024,2_34,072024_PAN_BDT_T2_1036_CNAT,CLP,6_30_2025,45.8,UML_PENGUIN_B1,,CNAT,CLP,7_16_2026,0,900,,,,,,,,,,,,
35,092022,1_16,92022_PAN_BDT_T1_12_CNAT,Healthy,6_4_2025,30.4,UML_PENGUIN_B1,,CNAT,Healthy,7_16_2026,1,1000,,,,07_29_2026,17.5,,,8_27_2026,no,,,
14,072024,2_39,072024_PAN_BDT_T2_612_CNAT,CLP,7_7_2025,28.8,UML_PENGUIN_B1,extraction negative had 6.64 ng/ul,CNAT,CLP,7_16_2026,2,"1000, 800",,,,,,,,,,,,
15,072024,2_44,072024_PAN_BDT_T2_656_CNAT,CLP,6_30_2025,58,UML_PENGUIN_B1,,CNAT,CLP,7_16_2026,3,"1200, 1000, 600",,,,,,,,,,,,
16,072024,2_44,072024_PAN_BDT_T2_658_CNAT,Healthy,6_27_2025,29.8,UML_PENGUIN_B1,,CNAT,CLP,7_16_2026,3,"1200, 1000, 600",,,,,,,,,,,,
17,072024,2_50,072024_PAN_BDT_T2_650_CNAT,Healthy,6_27_2025,26.6,UML_PENGUIN_B1,,CNAT,Healthy,7_16_2026,2,"1200, 1000",,,,,,,,,,,,
18,072024,2_57,072024_PAN_BDT_T2_1059_CNAT,CLP,5_23_2025,19.1,UML_PENGUIN_B1,,CNAT,CLP,7_16_2026,2,"1000, 800",,,,,,,,,,,,
19,072024,2_57,072024_PAN_BDT_T2_1064_CNAT,Healthy,6_27_2025,15.9,UML_PENGUIN_B1,,CNAT,CLP,7_16_2026,2,"1000, 800",,,,,,,,,,,,
20,072024,3_60,072024_PAN_BDT_T3_693_CNAT,Healthy,6_30_2025,46.4,UML_PENGUIN_B1,,CNAT,CLP,7_16_2026,4,"1200, 1000, 800, 750",,,,,,,,,,,,
21,072024,3_60,072024_PAN_BDT_T3_696_CNAT,CLP,7_7_2025,15.3,UML_PENGUIN_B1,extraction negative had 6.64 ng/ul,CNAT,CLP,7_16_2026,6,"1700, 1600, 1200, 1000, 750, 500",,,,,,,,,,,,
22,072024,3_61,072024_PAN_BDT_T3_692_CNAT,Healthy,6_30_2025,51.6,UML_PENGUIN_B1,,CNAT,CLP,7_16_2026,5,"1700, 1600, 1200, 1000, 850",,,,,,,,,,,,
23,072024,3_68,072024_PAN_BDT_T3_741_CNAT,Healthy,7_14_2025,19.1,UML_PENGUIN_B1,,CNAT,Healthy,7_16_2026,4,"1700, 1200, 500, 200",,,,,,,,,,,,
24,072024,3_74,072024_PAN_BDT_T3_723_CNAT,Healthy,7_11_2025,4.64,UML_PENGUIN_B1,,CNAT,CLP,7_16_2026,3,"1700, 1100, 500",,,,,,,,,,,,
25,072024,3_74,072024_PAN_BDT_T3_724_CNAT,CLP,7_7_2025,1.81,UML_PENGUIN_B1,extraction negative had 6.64 ng/ul,CNAT,CLP,7_16_2026,4,"1000, 950, 900, 800",,,,,,,,,,,,
26,072024,3_75,072024_PAN_BDT_T3_725_CNAT,Healthy,7_11_2025,13.7,UML_PENGUIN_B1,,CNAT,Healthy,7_16_2026,4,"1700, 1200, 1000, 500",,,,,,,,,,,,
27,072024,3_76,072024_PAN_BDT_T3_726_CNAT,Healthy,7_11_2025,2.26,UML_PENGUIN_B1,,CNAT,DC,7_16_2026,3,"1700, 1400, 1000",,,,,,,,,,,,
28,072024,3_80,072024_PAN_BDT_T3_733_CNAT,Healthy,7_14_2025,26.2,UML_PENGUIN_B1,,CNAT,Healthy,7_16_2026,5,"1600, 1400, 1300, 1000, 800",,,,,,,,,,,,
38,092022,1_26,92022_PAN_BDT_T1_5_CNAT,Healthy,6_4_2025,44,UML_PENGUIN_B1,,CNAT,Healthy,7_16_2026,1,1000,,,,07_29_2026,25.5,,,8_27_2026,no,,,
30,072024,4_19,072024_PAN_BDT_T4_768_CNAT,Healthy,6_30_2025,77.4,UML_PENGUIN_B1,,CNAT,Healthy,7_16_2026,1,1400,,,,,,,,,,,,
13,072024,2_34,072024_PAN_BDT_T2_1051_CNAT,Healthy,6_27_2025,6.14,UML_PENGUIN_B1,,CNAT,CLP,7_16_2026,1,1000,,,,07_29_2026,13.5,,,8_27_2026,yes,,,
29,072024,4_12,072024_PAN_BDT_T4_838_CNAT,Healthy,6_30_2025,44.8,UML_PENGUIN_B1,,CNAT,Healthy,7_16_2026,1,850,,,,07_29_2026,35.7,,,8_27_2026,yes,,,
31,072024,4_2,072024_PAN_BDT_T4_806_CNAT,Healthy,6_30_2025,31.2,UML_PENGUIN_B1,,CNAT,Healthy,7_16_2026,1,1000,,,,07_29_2026,27.7,,,8_27_2026,yes,,,
33,072024,4_3,072024_PAN_BDT_T4_808_CNAT,Healthy,6_30_2025,16.3,UML_PENGUIN_B1,,CNAT,Healthy,7_16_2026,1,1000,,,,07_29_2026,13.2,,,8_27_2026,yes,,,
2,072024,1_2,072024_PAN_BDT_T1_606_MCAV,Healthy,4_16_2025,46.6,UML_NARWHAL_R9_B2,frags for outplanting,MCAV,Healthy,7_16_2026,1,1000,,,,7_24_2026,7.4,,,7_29_2026,yes,,,
34,072024,4_8,072024_PAN_BDT_T4_796_CNAT,Healthy,6_30_2025,19.5,UML_PENGUIN_B1,,CNAT,Healthy,7_16_2026,1,1000,,,,07_29_2026,17,,,8_27_2026,yes,,,
37,092022,1_24,92022_PAN_BDT_T1_3_CNAT,Healthy,6_4_2025,6.22,UML_PENGUIN_B1,,CNAT,Healthy,7_16_2026,1,1000,,,,07_29_2026,9.9,,,8_27_2026,yes,,,
39,092022,1_5,92022_PAN_BDT_T1_15_CNAT,Healthy,6_4_2025,33.2,UML_PENGUIN_B1,,CNAT,Healthy,7_16_2026,1,1000,,,,07_29_2026,26.3,,,8_27_2026,yes,,,
40,092022,1_6,92022_PAN_BDT_T1_17_CNAT,Healthy,6_4_2025,11.9,UML_PENGUIN_B1,,CNAT,Healthy,7_16_2026,1,1000,,,,07_29_2026,9.5,,,8_27_2026,yes,,,
44,092022,2_44,92022_PAN_BDT_T2_36_CNAT,Healthy,6_4_2025,14.2,UML_PENGUIN_B1,,CNAT,Healthy,7_16_2026,2,"1200, 1000",,,,07_29_2026,38.1,,,8_27_2026,yes,,,
45,072024,1_14,072024_PAN_BDT_T1_564_ORBI,Healthy,4_10_2026,24,UML_PENGUIN_B2,,ORBI,CLB,7_16_2026,1,1600,,,,7_24_2026,19.3,,,7_29_2026,no,,,
41,092022,2_33,92022_PAN_BDT_T2_54_CNAT,Healthy,6_17_2025,7.74,UML_PENGUIN_B1,,CNAT,Healthy,7_16_2026,1,800,,,,,,,,,,,,
43,092022,2_39,92022_PAN_BDT_T2_51_CNAT,Healthy,6_17_2025,3.84,UML_PENGUIN_B1,,CNAT,Healthy,7_16_2026,2,"1000, 800",,,,,,,,,,,,
32,072024,4_27,072024_PAN_BDT_T4_758_CNAT,Healthy,6_30_2025,51,UML_PENGUIN_B1,,CNAT ,Healthy,7_16_2026,1,1000,,,,07_29_2026,41.8,,,8_27_2026,yes,,,
76,092022,1_11,92022_PAN_BDT_T1_52_MCAV,Healthy,5_18_2026,18.8,UML_PENGUIN_B2,,MCAV,CLP,7_16_2026,2,"1000, 500",2026_09_03,,,07_29_2026,7.5,9_18_2026,21.2,9_22_2026,yes,9_22_2026,yes,
46,072024,1_14,072024_PAN_BDT_T1_566_ORBI,CLB,4_10_2026,21,UML_PENGUIN_B2,,ORBI,CLB,7_16_2026,0,NA,,,,,,,,,,,,
47,072024,1_15,072024_PAN_BDT_T1_578_ORBI,Healthy,3_16_2026,25,UML_PENGUIN_B2,,ORBI,Healthy,7_16_2026,3,"1700, 1600, 200",,,,,,,,,,,,
48,072024,1_25,072024_PAN_BDT_T1_584_ORBI,Healthy,4_10_2026,7.88,UML_PENGUIN_B2,,ORBI,CLP,7_16_2026,3,"1700, 1600, 1500",,,,,,,,,,,,
51,072024,2_32,072024_PAN_BDT_T2_609_MCAV,CLP,4_17_2026,92.8,UML_PENGUIN_B2,,MCAV,CLP,7_16_2026,1,1000,,,,07_29_2026,9.6,,,9_22_2026,yes,,,
49,072024,1_25,072024_PAN_BDT_T1_586_ORBI,CLP,4_10_2026,18.8,UML_PENGUIN_B2,,ORBI,CLP,7_16_2026,2,"500, 400",,,,7_24_2026,23.1,,,7_29_2026,yes,,,
78,092022,1_17,92022_PAN_BDT_T1_40_MCAV,Healthy,5_18_2026,7.34,UML_PENGUIN_B2,,MCAV,Healthy,7_16_2026,2,"1000, 500",2026_09_03,,,07_29_2026,8.5,9_18_2026,23.8,9_22_2026,yes,9_22_2026,NA,reseq forward uni 
53,072024,2_48,072024_PAN_BDT_T2_666_ORBI,Healthy,2_18_2026,12.6,UML_PENGUIN_B2,,ORBI,Healthy,7_16_2026,0,NA,,,,,,,,,,,,
54,072024,2_51,072024_PAN_BDT_T2_1048_ORBI,Healthy,4_10_2026,12.8,UML_PENGUIN_B2,,ORBI,Healthy,7_16_2026,0,NA,,,,,,,,,,,,
55,072024,3_29,072024_PAN_BDT_T3_683_OFAV,Healthy,4_10_2026,63.6,UML_PENGUIN_B2,,OFAV,CLP,7_16_2026,0,NA,,,,,,,,,,,,
56,072024,3_29,072024_PAN_BDT_T3_685_OFAV,CLP,4_10_2026,49,UML_PENGUIN_B2,,OFAV,CLP,7_16_2026,1,1600,,,,,,,,,,,,
57,072024,3_63,072024_PAN_BDT_T3_707_OANN,Healthy,2_18_2026,10.9,UML_PENGUIN_B2,,OANN,Healthy,7_16_2026,0,NA,,,,,,,,,,,,
58,072024,3_70,072024_PAN_BDT_T3_739_OFAV,Healthy,2_18_2026,4.1,UML_PENGUIN_B2,,OFAV,Healthy,7_16_2026,0,NA,,,,,,,,,,,,
59,072024,3_72,072024_PAN_BDT_T3_730_PSTR,Healthy,5_21_2026,24.4,UML_PENGUIN_B2,,PSTR,CLP,7_16_2026,0,NA,,,,,,,,,,,,
60,072024,3_72,072024_PAN_BDT_T3_731_PSTR,CLP,5_21_2026,29.4,UML_PENGUIN_B2,,PSTR,CLP,7_16_2026,1,1100,,,,07_29_2026,39.2,,,,,,,
61,072024,3_73,072024_PAN_BDT_T3_736_PSTR,CLP,5_21_2026,26.8,UML_PENGUIN_B2,,PSTR,CLP,7_16_2026,2,"1000, 900",,,,07_29_2026,6.8,,,,,,,
62,072024,3_73,072024_PAN_BDT_T3_737_PSTR,Healthy,5_21_2026,11.1,UML_PENGUIN_B2,,PSTR,CLP,7_16_2026,3,"1700, 1000, 500",,,,,,,,,,,,
63,072024,3_82,072024_PAN_BDT_T3_697_MCAV,Healthy,4_17_2026,46.2,UML_PENGUIN_B2,,MCAV,Healthy,7_16_2026,2,"1200, 1000",,,,07_29_2026,6.8,,,,,,,
64,072024,3_82,072024_PAN_BDT_T3_699_MCAV,CLP,4_17_2026,29.6,UML_PENGUIN_B2,,MCAV,Healthy,7_16_2026,3,"500, 200, 100",,,,,,,,,,,,
50,072024,1_4,072024_PAN_BDT_T1_562_ORBI,Healthy,3_16_2026,96,UML_PENGUIN_B2,,ORBI,Healthy,7_16_2026,1,1500,2026_09_03,,,7_24_2026,14.9,9_18_2026,8.9,7_29_2026,no,9_22_2026,NA,reseq forward uni 
66,072024,3_87,072024_PAN_BDT_T3_677_PSTR,CLB,5_21_2026,71.2,UML_PENGUIN_B2,,PSTR,CLB,7_16_2026,2,"1100, 850 ",,,,07_29_2026,71,,,,,,,
52,072024,2_43,072024_PAN_BDT_T2_662_ORBI,Healthy,2_18_2026,75.4,UML_PENGUIN_B2,,ORBI,Healthy,7_16_2026,0,NA,2026_09_03,,,,,9_18_2026,30.5,,,9_22_2026,no,
c,072024,1_11,072024_PAN_BDT_T1_1026_MCAV,Healthy,4_17_2026,25.8,UML_PENGUIN_B2,,MCAV,CLP,7_14_2026,2,"1000, 800",,,,7_15_2026,8.4,,,"8_27_2026, 7_15_2026",yes,,,"forward seq date, reverse seq date"
68,072024,3_91,072024_PAN_BDT_T3_711_MCAV,CLP,4_17_2026,8.04,UML_PENGUIN_B2,,MCAV,CLP,7_16_2026,0,NA,,,,,,,,,,,,
75,072024,4_48,072024_PAN_BDT_T4_777_PSTR,Healthy,5_21_2026,61.2,UML_PENGUIN_B2,,PSTR,"CLB, CLP",7_16_2026,2,"1100, 900",,,,7_24_2026,49.3,,,7_29_2026,yes,,,
69,072024,4_1,072024_PAN_BDT_T4_800_ORBI,Healthy,3_16_2026,32.4,UML_PENGUIN_B2,,ORBI,Healthy,7_16_2026,0,NA,,,,,,,,,,,,
70,072024,4_10,072024_PAN_BDT_T4_842_ORBI,CLP,4_10_2026,13.1,UML_PENGUIN_B2,,ORBI,CLP,7_16_2026,0,NA,,,,,,,,,,,,
71,072024,4_10,072024_PAN_BDT_T4_845_ORBI,Healthy,4_10_2026,83.6,UML_PENGUIN_B2,,ORBI,CLP,7_16_2026,1,900,,,,,,,,,,,,
72,072024,4_14,072024_PAN_BDT_T4_823_ORBI,Healthy,2_18_2026,15.2,UML_PENGUIN_B2,,ORBI,Healthy,7_16_2026,0,NA,,,,,,,,,,,,
73,072024,4_4,072024_PAN_BDT_T4_787_ORBI,Healthy,3_16_2026,34.8,UML_PENGUIN_B2,,ORBI,Healthy,7_16_2026,1,500,,,,,,,,,,,,
65,072024,3_87,072024_PAN_BDT_T3_671_PSTR,Healthy,5_21_2026,75.2,UML_PENGUIN_B2,,PSTR,CLB,7_16_2026,1,1000,2026_09_03,,,07_29_2026,22,9_18_2026,17,,,9_22_2026,NA,reseq forward uni 
74,072024,4_48,072024_PAN_BDT_T4_775_PSTR,CLB,5_21_2026,80.8,UML_PENGUIN_B2,,PSTR,"CLB, CLP",7_16_2026,2,"1100, 900",2026_09_03,,,7_24_2026,55.8,9_18_2026,27.4,7_29_2026,yes,9_22_2026,no,
81,072024,1_10,072024_PAN_BDT_T1_580_SSID,Healhty,6_11_2026,1.99,UML_PENGUIN_B3,,SSID,Healthy,7_16_2026,2,"1200, 1000",,,,7_24_2026,19.2,,,7_29_2026,yes,,,
77,092022,1_14,92022_PAN_BDT_T1_46_ORBI,Healthy,4_06_2026,9.84,UML_PENGUIN_B2,,ORBI,Healthy,7_16_2026,0,NA,,,,,,,,,,,,
82,072024,1_18,072024_PAN_BDT_T1_568_SSID,Healthy,6_11_2026,73.8,UML_PENGUIN_B3,,SSID,Healthy,7_16_2026,2,"1200, 1000",2026_09_03,,,7_24_2026,42.3,9_18_2026,18.6,7_29_2026,yes,9_22_2026,no,
79,092022,1_25,92022_PAN_BDT_T1_34_ORBI,Healthy,4_06_2026,1.69,UML_PENGUIN_B2,,ORBI,Healthy,7_16_2026,0,NA,,,,,,,,,,,,
80,092022,2_32,92022_PAN_BDT_T2_27_MCAV,Healthy,5_18_2026,3.34,UML_PENGUIN_B2,,MCAV,Healthy,7_16_2026,1,1000,,,,07_29_2026,5.5,,,,,,,
83,072024,1_7,072024_PAN_BDT_T1_558_SSID,Healthy,6_11_2026,11.7,UML_PENGUIN_B3,,SSID,CLP,7_16_2026,2,"1200, 1000",,,,07_29_2026,12.7,,,8_27_2026,yes,,,
84,072024,1_7,072024_PAN_BDT_T1_559_SSID,CLP,6_11_2026,25.2,UML_PENGUIN_B3,,SSID,CLP,7_16_2026,0,NA,,,,,,,,,,,,
85,072024,2_55,072024_PAN_BDT_T2_627_SSID,CLP,6_11_2026,21.2,UML_PENGUIN_B3,,SSID,CLP,7_16_2026,2,"1200, 1000",,,,07_29_2026,44,,,8_27_2026,yes,,,
86,072024,2_55,072024_PAN_BDT_T2_630_SSID,Healthy,6_11_2026,29.4,UML_PENGUIN_B3,,SSID,CLP,7_16_2026,1,1200,,,,07_29_2026,34.5,,,8_27_2026,yes,,,
87,072024,2_59,072024_PAN_BDT_T2_611_SSID,Healthy,6_11_2026,11.6,UML_PENGUIN_B3,,SSID,Healthy,7_16_2026,1,1200,,,,07_29_2026,35.6,,,,,,,
88,072024,3_81,072024_PAN_BDT_T3_701_SSID,Healthy,6_11_2026,32,UML_PENGUIN_B3,,SSID,Healthy,7_16_2026,2,"1200, 500",,,,07_29_2026,10.9,,,9_22_2026,yes,,,
89,072024,4_37,072024_PAN_BDT_T4_826_PSTR,Healthy,6_11_2026,41,UML_PENGUIN_B3,,PSTR,CLP,7_16_2026,2,"1200, 1100,  900",,,,07_29_2026,59.2,,,,,,,
90,072024,4_37,072024_PAN_BDT_T4_828_PSTR,CLP,6_11_2026,28.2,UML_PENGUIN_B3,,PSTR,CLP,7_16_2026,2,"1100, 900",,,,07_29_2026,69.5,,,,,,,
91,092022,1_10,92022_PAN_BDT_T1_51_SSID,Healthy,6_09_2026,2.62,UML_PENGUIN_B3,,SSID,Healhty,7_16_2026,2,"1200, 500",2026_09_03,,,07_29_2026,11.4,9_18_2026,33.2,,,9_22_2026,yes,
92,092022,1_18,92022_PAN_BDT_T1_41_SSID,Healthy,6_09_2026,5.16,UML_PENGUIN_B3,,SSID,Healthy,7_16_2026,0,NA,,,,,,,,,,,,
94,092022,2_55,92022_PAN_BDT_T2_15_SSID,Healthy,6_09_2026,5.26,UML_PENGUIN_B3,,SSID,Healthy,7_16_2026,2,"1200, 1000",,,,7_29_2026,35.3,,,8_27_2026,yes,,,
c,072024,1_17,072024_PAN_BDT_T1_1020_MCAV,Healthy,4_17_2026,19.1,UML_PENGUIN_B2,,MCAV,Healthy,7_14_2026,2,"1000, 800",,,,7_15_2026,18.6,,,7_15_2026,yes,,,
93,092022,1_7,92022_PAN_BDT_T1_48_SSID,Healthy,6_09_2026,7.16,UML_PENGUIN_B3,,SSID,Healthy,7_16_2026,2,"1200, 1000",,,,7_29_2026,54.7,,,,,,,
96,092022,2_50,92022_PAN_BDT_T2_42_CNAT,Healthy,6_4_2025,26.6,UML_PENGUIN_B1,,CNAT,CLP,,,,,,,,,,,,,,,
97,092022,2_51,92022_PAN_BDT_T2_29_ORBI,Healthy,4_06_2026,18.2,UML_PENGUIN_B2,,ORBI,CLB,,,,,,,,,,,,,,,
95,092022,2_59,92022_PAN_BDT_T2_23_SSID,Healthy,6_09_2026,11.9,UML_PENGUIN_B3,,SSID,Healthy,7_16_2026,2,"1200, 1000",,,,7_29_2026,19.6,,,8_27_2026,yes,,,
99,092022,2_57,92022_PAN_BDT_T2_48_CNAT,Healthy,6_4_2025,14.9,UML_PENGUIN_B1,,CNAT,Healthy,,,,,,,,,,,,,,,
67,072024,3_91,072024_PAN_BDT_T3_709_MCAV,Healthy,4_17_2026,36.4,UML_PENGUIN_B2,,MCAV,CLP,7_16_2026,2,"1200, 500",,,,07_29_2026,11.3,,,8_27_2026,,,,one C read poor quality could not use
101,092022,3_29,92022_PAN_BDT_T3_19_OFAV,Healthy,4_06_2026,23.4,UML_PENGUIN_B2,,OFAV,Healthy,,,,,,,,,,,,,,,
102,092022,3_60,92022_PAN_BDT_T3_36_CNAT,Healthy,6_17_2025,7.6,UML_PENGUIN_B1,,CNAT,Healthy,,,,,,,,,,,,,,,
103,092022,3_61,92022_PAN_BDT_T3_37_CNAT,Healthy,6_17_2025,3.64,UML_PENGUIN_B1,,CNAT,Healthy,,,,,,,,,,,,,,,
104,092022,3_68,92022_PAN_BDT_T3_38_CNAT,Healthy,6_17_2025,7.78,UML_PENGUIN_B1,,CNAT,DC,,,,,,,,,,,,,,,
105,092022,3_71,92022_PAN_BDT_T3_39_CNAT,Healthy,6_17_2025,14.2,UML_PENGUIN_B1,,CNAT,CLP,,,,,,,,,,,,,,,
106,092022,3_72,92022_PAN_BDT_T3_31_PSTR,Healthy,5_18_2026,22.2,UML_PENGUIN_B2,,PSTR,Healthy,,,,,,,,,,,,,,,
107,092022,3_73,92022_PAN_BDT_T3_32_PSTR,Healthy,5_18_2026,33.4,UML_PENGUIN_B2,,PSTR,Healthy,,,,,,,,,,,,,,,
108,092022,3_74,92022_PAN_BDT_T3_41_CNAT,Healthy,6_17_2025,2.46,UML_PENGUIN_B1,,CNAT,Healthy,,,,,,,,,,,,,,,
109,092022,3_75,92022_PAN_BDT_T3_42_CNAT,Healthy,6_17_2025,5.44,UML_PENGUIN_B1,,CNAT,Healthy,,,,,,,,,,,,,,,
110,092022,3_76,92022_PAN_BDT_T3_8_CNAT,Healthy,6_25_2025,12.4,UML_PENGUIN_B1,,CNAT,Healthy,,,,,,,,,,,,,,,
111,092022,3_77,92022_PAN_BDT_T3_18_PSTR,Healthy,5_18_2026,30,UML_PENGUIN_B2,,PSTR,Healthy,,,,,,,,,,,,,,,
112,092022,3_81,92022_PAN_BDT_T3_27_SSID,Healthy,6_09_2026,36.2,UML_PENGUIN_B3,,SSID,Healthy,,,,,,,,,,,,,,,
113,092022,3_82,92022_PAN_BDT_T3_15_MCAV,Healthy,5_18_2026,7.7,UML_PENGUIN_B2,,MCAV,Healthy,,,,,,,,,,,,,,,
114,092022,3_87,92022_PAN_BDT_T3_21_PSTR,Healthy,5_18_2026,75.6,UML_PENGUIN_B2,,PSTR,Healthy,,,,,,,,,,,,,,,
115,092022,3_91,92022_PAN_BDT_T3_10_MCAV,Healthy,5_18_2026,2.92,UML_PENGUIN_B2,,MCAV,Healthy,,,,,,,,,,,,,,,
116,102023,1_10,102023_PAN_BDT_T1_148_SSID,CLP,6_09_2026,32.6,UML_PENGUIN_B3,,SSID,CLP,,,,,,,,,,,,,,,
117,102023,1_11,102023_PAN_BDT_T1_151_MCAV,CLP,4_17_2026,61.8,UML_PENGUIN_B2,,MCAV,CLP ,,,,,,,,,,,,,,,
118,102023,1_14,102023_PAN_BDT_T1_121_ORBI,Healthy,4_06_2026,27.8,UML_PENGUIN_B2,,ORBI,Healthy,,,,,,,,,,,,,,,
119,102023,1_16,102023_PAN_BDT_T1_111_CNAT,CLP,7_7_2025,28.2,UML_PENGUIN_B1,extraction negative had 6.64 ng/ul,CNAT,"CLP, CLB",,,,,,,,,,,,,,,
120,102023,1_16,102023_PAN_BDT_T1_130_CNAT,CLB,7_16_2025,31.6,UML_PENGUIN_B1,,CNAT,"CLP, CLB",,,,,,,,,,,,,,,
121,102023,1_17,102023_PAN_BDT_T1_116_MCAV,CLP,4_17_2026,25,UML_PENGUIN_B2,,MCAV,CLP,,,,,,,,,,,,,,,
122,102023,1_18,102023_PAN_BDT_T1_109_SSID,CLP,6_09_2026,12.6,UML_PENGUIN_B3,,SSID,CLP,,,,,,,,,,,,,,,
123,102023,1_23,102023_PAN_BDT_T1_94_CNAT,CLB,7_16_2025,14.1,UML_PENGUIN_B1,,CNAT,CLB,,,,,,,,,,,,,,,
124,102023,1_24,102023_PAN_BDT_T1_98_CNAT,CLP,7_7_2025,28,UML_PENGUIN_B1,extraction negative had 6.64 ng/ul,CNAT,CLP,,,,,,,,,,,,,,,
125,102023,1_25,102023_PAN_BDT_T1_92_ORBI,Healthy,4_06_2026,4.22,UML_PENGUIN_B2,,ORBI,Healthy,,,,,,,,,,,,,,,
126,102023,1_26,102023_PAN_BDT_T1_90_CNAT,CLP,7_7_2025,29,UML_PENGUIN_B1,extraction negative had 6.64 ng/ul,CNAT,CLP,,,,,,,,,,,,,,,
127,102023,1_5,102023_PAN_BDT_T1_119_CNAT,CLP,7_7_2025,45.8,UML_PENGUIN_B1,extraction negative had 6.64 ng/ul,CNAT,CLP,,,,,,,,,,,,,,,
128,102023,1_6,102023_PAN_BDT_T1_123_CNAT,CLB,7_16_2025,30.2,UML_PENGUIN_B1,,CNAT,CLB,,,,,,,,,,,,,,,
129,102023,1_7,102023_PAN_BDT_T1_132_SSID,CLP,6_09_2026,63.4,UML_PENGUIN_B3,,SSID,CLP,,,,,,,,,,,,,,,
130,102023,2_32,102023_PAN_BDT_T2_179_MCAV,CLP,6_11_2026,66.8,UML_PENGUIN_B3,,MCAV,CLP,,,,,,,,,,,,,,,
131,102023,2_34,102023_PAN_BDT_T2_198_CNAT,CLB,7_16_2025,13.7,UML_PENGUIN_B1,,CNAT,CLB,,,,,,,,,,,,,,,
132,102023,2_39,102023_PAN_BDT_T2_183_CNAT,CLB,7_16_2025,40.2,UML_PENGUIN_B1,,CNAT,CLB,,,,,,,,,,,,,,,
133,102023,2_50,102023_PAN_BDT_T2_223_CNAT,CLB,7_16_2025,32.6,UML_PENGUIN_B1,,CNAT,CLB,,,,,,,,,,,,,,,
134,102023,2_51,102023_PAN_BDT_T2_241_ORBI,Healthy,4_06_2026,6.34,UML_PENGUIN_B2,,ORBI,CLP,,,,,,,,,,,,,,,
135,102023,2_55,102023_PAN_BDT_T2_219_SSID,CLB,6_09_2026,61.6,UML_PENGUIN_B3,,SSID,CLB,,,,,,,,,,,,,,,
136,102023,2_57,102023_PAN_BDT_T2_228_CNAT,CLP,5_23_2025,26.2,UML_PENGUIN_B1,,CNAT,CLP,,,,,,,,,,,,,,,
137,102023,2_59,102023_PAN_BDT_T2_188_SSID,CLB,6_09_2026,30.6,UML_PENGUIN_B3,,SSID,CLB,,,,,,,,,,,,,,,
138,102023,3_29,102023_PAN_BDT_T3_320_ORBI,Healthy,4_06_2026,114,UML_PENGUIN_B2,,OFAV,Healthy,,,,,,,,,,,,,,,
139,102023,3_60,102023_PAN_BDT_T3_284_CNAT,CLP,7_7_2025,24,UML_PENGUIN_B1,extraction negative had 6.64 ng/ul,CNAT,CLP,,,,,,,,,,,,,,,
140,102023,3_61,102023_PAN_BDT_T3_286_CNAT,CLP,7_7_2025,43.6,UML_PENGUIN_B1,extraction negative had 6.64 ng/ul,CNAT,Healthy,,,,,,,,,,,,,,,
141,102023,3_68,102023_PAN_BDT_T3_338_CNAT,CLP,7_7_2025,62.4,UML_PENGUIN_B1,extraction negative had 6.64 ng/ul,CNAT,"CLB, CLP",,,,,,,,,,,,,,,
142,102023,3_71,102023_PAN_BDT_T3_310_CNAT,Healthy,6_25_2025,35.8,UML_PENGUIN_B1,,CNAT,Healthy,,,,,,,,,,,,,,,
143,102023,3_72,102023_PAN_BDT_T3_343_PSTR,CLP,5_18_2026,23.2,UML_PENGUIN_B2,,PSTR,CLP,,,,,,,,,,,,,,,
144,102023,3_73,102023_PAN_BDT_T3_304_PSTR,CLB,5_21_2026,18.5,UML_PENGUIN_B2,,PSTR,"CLB, CLP",,,,,,,,,,,,,,,
145,102023,3_75,102023_PAN_BDT_T3_335_CNAT,CLP,7_7_2025,71.8,UML_PENGUIN_B1,extraction negative had 6.64 ng/ul,CNAT,"CLB,CLP ",,,,,,,,,,,,,,,
146,102023,3_76,102023_PAN_BDT_T3_325_CNAT,CLP,7_7_2025,39.4,UML_PENGUIN_B1,extraction negative had 6.64 ng/ul,CNAT,CLP ,,,,,,,,,,,,,,,
147,102023,3_77,102023_PAN_BDT_T3_327_PSTR,CLP,5_21_2026,22,UML_PENGUIN_B2,,PSTR,CLP,,,,,,,,,,,,,,,
148,102023,3_80,102023_PAN_BDT_T3_308_CNAT,Healthy,6_25_2025,28,UML_PENGUIN_B1,,CNAT,Healthy,,,,,,,,,,,,,,,
149,102023,3_81,102023_PAN_BDT_T3_288_SSID,CLB,6_09_2026,82,UML_PENGUIN_B3,,SSID,CLB,,,,,,,,,,,,,,,
150,102023,3_82,102023_PAN_BDT_T3_290_MCAV,CLP,6_11_2026,33,UML_PENGUIN_B3,,MCAV,CLP,,,,,,,,,,,,,,,
151,102023,3_87,102023_PAN_BDT_T3_332_PSTR,CLP,5_21_2026,67.2,UML_PENGUIN_B2,,PSTR,CLP,,,,,,,,,,,,,,,
152,102023,3_91,102023_PAN_BDT_T3_299_MCAV,CLP,6_11_2026,52.2,UML_PENGUIN_B3,,MCAV,"CLB, CLP",,,,,,,,,,,,,,,
153,102023,4_10,102023_PAN_BDT_T4_363_ORBI,Healthy,4_06_2026,100,UML_PENGUIN_B2,,ORBI,Healthy,,,,,,,,,,,,,,,
154,102023,4_12,102023_PAN_BDT_T4_369_CNAT,Healthy,6_25_2025,9.04,UML_PENGUIN_B1,,CNAT,Healthy,,,,,,,,,,,,,,,
155,102023,4_19,102023_PAN_BDT_T4_391_CNAT,Healthy,6_25_2025,22.4,UML_PENGUIN_B1,,CNAT,Healthy,,,,,,,,,,,,,,,
156,102023,4_2,102023_PAN_BDT_T4_349_CNAT,Healthy,6_25_2025,28.4,UML_PENGUIN_B1,,CNAT,Healthy,,,,,,,,,,,,,,,
157,102023,4_27,102023_PAN_BDT_T4_407_CNAT,Healthy,6_25_2025,17,UML_PENGUIN_B1,,CNAT ,Healthy,,,,,,,,,,,,,,,
158,102023,4_3,102023_PAN_BDT_T4_351_CNAT,Healthy,6_25_2025,19.6,UML_PENGUIN_B1,,CNAT,Healthy,,,,,,,,,,,,,,,
159,102023,4_37,102023_PAN_BDT_T4_424_PSTR,Healthy,6_11_2026,59.6,UML_PENGUIN_B3,,PSTR,Healthy,,,,,,,,,,,,,,,
160,102023,4_48,102023_PAN_BDT_T4_440_PSTR,Healthy,5_18_2026,89.6,UML_PENGUIN_B2,,PSTR,CLP,,,,,,,,,,,,,,,
161,102023,4_8,102023_PAN_BDT_T4_359_CNAT,Healthy,6_25_2025,60.4,UML_PENGUIN_B1,,CNAT,Healthy,,,,,,,,,,,,,,,
